time,NSW_419016
1/01/2006,0.741
2/01/2006,0.651
3/01/2006,0.567
4/01/2006,0.599
5/01/2006,0.637
6/01/2006,0.592
7/01/2006,0.593
8/01/2006,0.7
9/01/2006,0.623
10/01/2006,0.429
11/01/2006,0.373
12/01/2006,0.349
13/01/2006,0.22
14/01/2006,133.474
15/01/2006,139.52
16/01/2006,57.648
17/01/2006,29.774
18/01/2006,18.1
19/01/2006,15.525
20/01/2006,9.835
21/01/2006,7.84
22/01/2006,5.218
23/01/2006,3.272
24/01/2006,2.382
25/01/2006,1.651
26/01/2006,3.226
27/01/2006,8.496
28/01/2006,6.605
29/01/2006,3.209
30/01/2006,2.423
31/01/2006,2.431
1/02/2006,1.647
2/02/2006,1.171
3/02/2006,1.024
4/02/2006,0.897
5/02/2006,0.784
6/02/2006,0.617
7/02/2006,0.564
8/02/2006,0.464
9/02/2006,0.383
10/02/2006,0.371
11/02/2006,0.349
12/02/2006,0.183
13/02/2006,0.12
14/02/2006,0.125
15/02/2006,0.118
16/02/2006,0.062
17/02/2006,0.032
18/02/2006,0.002
19/02/2006,0.063
20/02/2006,0.397
21/02/2006,0.476
22/02/2006,0.358
23/02/2006,18.466
24/02/2006,22.977
25/02/2006,11.777
26/02/2006,6.666
27/02/2006,5.31
28/02/2006,6.66
1/03/2006,22.425
2/03/2006,39.226
3/03/2006,26.54
4/03/2006,16.939
5/03/2006,11.944
6/03/2006,8.26
7/03/2006,6.25
8/03/2006,4.2
9/03/2006,2.877
10/03/2006,2.101
11/03/2006,1.474
12/03/2006,1.176
13/03/2006,0.941
14/03/2006,0.828
15/03/2006,0.723
16/03/2006,0.619
17/03/2006,0.513
18/03/2006,0.511
19/03/2006,0.509
20/03/2006,0.442
21/03/2006,0.436
22/03/2006,0.436
23/03/2006,0.408
24/03/2006,0.281
25/03/2006,0.095
26/03/2006,0.048
27/03/2006,0.017
28/03/2006,0
29/03/2006,0
30/03/2006,0
31/03/2006,0.001
1/04/2006,0.172
2/04/2006,0.322
3/04/2006,0.189
4/04/2006,0.136
5/04/2006,0.102
6/04/2006,0.091
7/04/2006,0.018
8/04/2006,0
9/04/2006,0
10/04/2006,0
11/04/2006,0
12/04/2006,0
13/04/2006,0
14/04/2006,0
15/04/2006,0
16/04/2006,0
17/04/2006,0
18/04/2006,0
19/04/2006,0
20/04/2006,0
21/04/2006,0
22/04/2006,0
23/04/2006,0
24/04/2006,0
25/04/2006,0
26/04/2006,0
27/04/2006,0
28/04/2006,0
29/04/2006,0
30/04/2006,0
1/05/2006,0
2/05/2006,0
3/05/2006,0
4/05/2006,0
5/05/2006,0
6/05/2006,0
7/05/2006,0
8/05/2006,0
9/05/2006,0
10/05/2006,0
11/05/2006,0
12/05/2006,0
13/05/2006,0
14/05/2006,0
15/05/2006,0
16/05/2006,0
17/05/2006,0
18/05/2006,0
19/05/2006,0
20/05/2006,0
21/05/2006,0
22/05/2006,0
23/05/2006,0
24/05/2006,0
25/05/2006,0
26/05/2006,0
27/05/2006,0
28/05/2006,0
29/05/2006,0
30/05/2006,0
31/05/2006,0
1/06/2006,0
2/06/2006,0
3/06/2006,0
4/06/2006,0
5/06/2006,0
6/06/2006,0
7/06/2006,0
8/06/2006,0
9/06/2006,0
10/06/2006,0
11/06/2006,0
12/06/2006,0
13/06/2006,0
14/06/2006,0
15/06/2006,4.573
16/06/2006,11.323
17/06/2006,8.147
18/06/2006,6.03
19/06/2006,4.729
20/06/2006,3.857
21/06/2006,3.251
22/06/2006,2.895
23/06/2006,2.506
24/06/2006,2.319
25/06/2006,2.549
26/06/2006,2.466
27/06/2006,2.172
28/06/2006,1.931
29/06/2006,1.735
30/06/2006,1.712
1/07/2006,1.762
2/07/2006,1.914
3/07/2006,2.267
4/07/2006,2.244
5/07/2006,2.056
6/07/2006,1.784
7/07/2006,1.712
8/07/2006,1.773
9/07/2006,2.412
10/07/2006,2.628
11/07/2006,2.306
12/07/2006,2.018
13/07/2006,1.773
14/07/2006,1.653
15/07/2006,1.578
16/07/2006,3.53
17/07/2006,5.87
18/07/2006,35.668
19/07/2006,42.718
20/07/2006,29.888
21/07/2006,21.965
22/07/2006,15.533
23/07/2006,11.152
24/07/2006,8.648
25/07/2006,16.597
26/07/2006,19.915
27/07/2006,18.099
28/07/2006,23.422
29/07/2006,24.785
30/07/2006,19.773
31/07/2006,16.756
1/08/2006,14.17
2/08/2006,11.681
3/08/2006,9.758
4/08/2006,8.547
5/08/2006,8.352
6/08/2006,7.326
7/08/2006,6.243
8/08/2006,5.422
9/08/2006,4.651
10/08/2006,4.221
11/08/2006,3.771
12/08/2006,3.453
13/08/2006,3.178
14/08/2006,3.107
15/08/2006,2.941
16/08/2006,2.592
17/08/2006,2.332
18/08/2006,2.029
19/08/2006,1.777
20/08/2006,1.578
21/08/2006,1.385
22/08/2006,1.183
23/08/2006,1.02
24/08/2006,0.931
25/08/2006,0.829
26/08/2006,0.722
27/08/2006,0.651
28/08/2006,0.609
29/08/2006,0.582
30/08/2006,0.601
31/08/2006,0.512
1/09/2006,0.485
2/09/2006,0.478
3/09/2006,0.429
4/09/2006,0.54
5/09/2006,0.451
6/09/2006,0.565
7/09/2006,0.555
8/09/2006,0.549
9/09/2006,0.527
10/09/2006,0.531
11/09/2006,0.515
12/09/2006,0.555
13/09/2006,0.774
14/09/2006,0.832
15/09/2006,1.017
16/09/2006,0.914
17/09/2006,4.464
18/09/2006,4.403
19/09/2006,3.047
20/09/2006,2.138
21/09/2006,1.518
22/09/2006,1.156
23/09/2006,0.858
24/09/2006,0.768
25/09/2006,0.746
26/09/2006,0.649
27/09/2006,0.568
28/09/2006,0.808
29/09/2006,0.545
30/09/2006,0.939
1/10/2006,12.287
2/10/2006,10.775
3/10/2006,6.364
4/10/2006,3.886
5/10/2006,2.528
6/10/2006,1.671
7/10/2006,1.157
8/10/2006,0.901
9/10/2006,0.649
10/10/2006,0.46
11/10/2006,0.437
12/10/2006,0.412
13/10/2006,0.345
14/10/2006,0.258
15/10/2006,0.211
16/10/2006,0.146
17/10/2006,0.122
18/10/2006,0.076
19/10/2006,0.062
20/10/2006,0.025
21/10/2006,0.02
22/10/2006,0.038
23/10/2006,0.008
24/10/2006,0.003
25/10/2006,0
26/10/2006,0
27/10/2006,0
28/10/2006,0
29/10/2006,0
30/10/2006,0
31/10/2006,0
1/11/2006,0
2/11/2006,0
3/11/2006,0
4/11/2006,0.32
5/11/2006,0.514
6/11/2006,41.445
7/11/2006,107.102
8/11/2006,76.692
9/11/2006,59.815
10/11/2006,36.37
11/11/2006,24.323
12/11/2006,16.203
13/11/2006,10.411
14/11/2006,7.082
15/11/2006,5.512
16/11/2006,3.326
17/11/2006,3.994
18/11/2006,3.007
19/11/2006,2.156
20/11/2006,1.643
21/11/2006,1.192
22/11/2006,0.887
23/11/2006,0.701
24/11/2006,0.533
25/11/2006,0.431
26/11/2006,0.362
27/11/2006,0.323
28/11/2006,0.36
29/11/2006,0.411
30/11/2006,0.4
1/12/2006,0.31
2/12/2006,0.29
3/12/2006,0.349
4/12/2006,0.417
5/12/2006,0.314
6/12/2006,0.144
7/12/2006,0.062
8/12/2006,0.017
9/12/2006,0.002
10/12/2006,0
11/12/2006,0
12/12/2006,0
13/12/2006,0
14/12/2006,0
15/12/2006,0
16/12/2006,0
17/12/2006,0
18/12/2006,0
19/12/2006,0
20/12/2006,0
21/12/2006,0
22/12/2006,0
23/12/2006,0
24/12/2006,0
25/12/2006,0
26/12/2006,0
27/12/2006,0
28/12/2006,0
29/12/2006,0
30/12/2006,0
31/12/2006,0
1/01/2007,0
2/01/2007,0
3/01/2007,0
4/01/2007,0
5/01/2007,0
6/01/2007,0
7/01/2007,0
8/01/2007,0
9/01/2007,0
10/01/2007,0
11/01/2007,0
12/01/2007,0
13/01/2007,0
14/01/2007,0
15/01/2007,0
16/01/2007,0
17/01/2007,0
18/01/2007,0
19/01/2007,0
20/01/2007,0
21/01/2007,0
22/01/2007,0
23/01/2007,0
24/01/2007,0
25/01/2007,0
26/01/2007,0
27/01/2007,0
28/01/2007,0
29/01/2007,0
30/01/2007,0
31/01/2007,0
1/02/2007,0
2/02/2007,0
3/02/2007,0
4/02/2007,0
5/02/2007,0
6/02/2007,0
7/02/2007,0
8/02/2007,0
9/02/2007,0
10/02/2007,0
11/02/2007,0
12/02/2007,0
13/02/2007,22.485
14/02/2007,31.795
15/02/2007,19.42
16/02/2007,12.188
17/02/2007,6.483
18/02/2007,3.857
19/02/2007,2.576
20/02/2007,1.895
21/02/2007,5.049
22/02/2007,4.181
23/02/2007,2.615
24/02/2007,1.709
25/02/2007,1.279
26/02/2007,1.143
27/02/2007,4.727
28/02/2007,13.292
1/03/2007,10.481
2/03/2007,13.963
3/03/2007,104.979
4/03/2007,110.221
5/03/2007,59.997
6/03/2007,39.798
7/03/2007,27.898
8/03/2007,20.892
9/03/2007,32.837
10/03/2007,54.651
11/03/2007,110.833
12/03/2007,69.362
13/03/2007,40.988
14/03/2007,26.672
15/03/2007,17.82
16/03/2007,11.852
17/03/2007,8.168
18/03/2007,5.895
19/03/2007,4.2
20/03/2007,3.074
21/03/2007,2.351
22/03/2007,1.701
23/03/2007,1.284
24/03/2007,1.044
25/03/2007,1.239
26/03/2007,2.087
27/03/2007,1.775
28/03/2007,1.279
29/03/2007,0.949
30/03/2007,0.797
31/03/2007,0.645
1/04/2007,0.528
2/04/2007,0.416
3/04/2007,0.357
4/04/2007,0.29
5/04/2007,0.253
6/04/2007,0.165
7/04/2007,0.149
8/04/2007,0.129
9/04/2007,0.105
10/04/2007,0.103
11/04/2007,0.086
12/04/2007,0.069
13/04/2007,0.063
14/04/2007,0.041
15/04/2007,0.047
16/04/2007,0.044
17/04/2007,0.03
18/04/2007,0.039
19/04/2007,0.023
20/04/2007,0.01
21/04/2007,0.005
22/04/2007,0.006
23/04/2007,0.005
24/04/2007,0.001
25/04/2007,0
26/04/2007,0
27/04/2007,0
28/04/2007,0.037
29/04/2007,0.152
30/04/2007,0.056
1/05/2007,0.036
2/05/2007,0.016
3/05/2007,0.017
4/05/2007,0.017
5/05/2007,0.014
6/05/2007,0.001
7/05/2007,0
8/05/2007,0
9/05/2007,0
10/05/2007,0
11/05/2007,0
12/05/2007,0
13/05/2007,0
14/05/2007,0
15/05/2007,0
16/05/2007,0
17/05/2007,0
18/05/2007,0
19/05/2007,0.045
20/05/2007,0.057
21/05/2007,0.044
22/05/2007,0.027
23/05/2007,0.017
24/05/2007,0.012
25/05/2007,0.003
26/05/2007,0.108
27/05/2007,2.34
28/05/2007,2.077
29/05/2007,1.413
30/05/2007,1.075
31/05/2007,1.167
1/06/2007,0.92
2/06/2007,0.742
3/06/2007,0.611
4/06/2007,0.626
5/06/2007,0.592
6/06/2007,0.513
7/06/2007,0.483
8/06/2007,0.987
9/06/2007,1.243
10/06/2007,1.696
11/06/2007,38.69
12/06/2007,38.427
13/06/2007,27.249
14/06/2007,18.676
15/06/2007,12.653
16/06/2007,9.687
17/06/2007,7.588
18/06/2007,6.646
19/06/2007,6.039
20/06/2007,12.297
21/06/2007,104.001
22/06/2007,168.57
23/06/2007,105.511
24/06/2007,72.304
25/06/2007,51.645
26/06/2007,40.594
27/06/2007,37.074
28/06/2007,52.361
29/06/2007,243.828
30/06/2007,976.016
1/07/2007,485.338
2/07/2007,283.537
3/07/2007,193.128
4/07/2007,127.64
5/07/2007,94.231
6/07/2007,74.839
7/07/2007,67.819
8/07/2007,85.642
9/07/2007,109.456
10/07/2007,584.535
11/07/2007,381.962
12/07/2007,233.015
13/07/2007,155.198
14/07/2007,113.651
15/07/2007,89.102
16/07/2007,73.951
17/07/2007,60.883
18/07/2007,51.098
19/07/2007,44.588
20/07/2007,39.492
21/07/2007,35.702
22/07/2007,32.443
23/07/2007,29.694
24/07/2007,27.474
25/07/2007,25.319
26/07/2007,23.152
27/07/2007,21.363
28/07/2007,20.079
29/07/2007,18.171
30/07/2007,16.889
31/07/2007,15.81
1/08/2007,14.772
2/08/2007,13.869
3/08/2007,12.708
4/08/2007,12.021
5/08/2007,11.405
6/08/2007,10.479
7/08/2007,10.164
8/08/2007,10.018
9/08/2007,9.929
10/08/2007,9.174
11/08/2007,8.13
12/08/2007,7.517
13/08/2007,6.798
14/08/2007,6.363
15/08/2007,5.895
16/08/2007,5.478
17/08/2007,10.291
18/08/2007,15.842
19/08/2007,129.66
20/08/2007,115.291
21/08/2007,4214.434
22/08/2007,2690.159
23/08/2007,913.181
24/08/2007,459.171
25/08/2007,296.502
26/08/2007,213.638
27/08/2007,164.1
28/08/2007,129.298
29/08/2007,99.154
30/08/2007,79.544
31/08/2007,64.776
1/09/2007,53.729
2/09/2007,46.675
3/09/2007,41.373
4/09/2007,36.666
5/09/2007,32.848
6/09/2007,30.065
7/09/2007,28.15
8/09/2007,26.827
9/09/2007,25.59
10/09/2007,24.699
11/09/2007,22.348
12/09/2007,20.179
13/09/2007,17.342
14/09/2007,15.546
15/09/2007,14.511
16/09/2007,12.955
17/09/2007,10.993
18/09/2007,9.261
19/09/2007,8.348
20/09/2007,7.596
21/09/2007,6.431
22/09/2007,5.754
23/09/2007,5.448
24/09/2007,5.08
25/09/2007,4.972
26/09/2007,4.219
27/09/2007,3.685
28/09/2007,3.194
29/09/2007,2.63
30/09/2007,2.128
1/10/2007,1.665
2/10/2007,1.365
3/10/2007,1.094
4/10/2007,0.805
5/10/2007,0.623
6/10/2007,0.508
7/10/2007,0.335
8/10/2007,1.7
9/10/2007,2.694
10/10/2007,2.49
11/10/2007,2.621
12/10/2007,2.684
13/10/2007,3.335
14/10/2007,15.942
15/10/2007,6.778
16/10/2007,2.245
17/10/2007,1.083
18/10/2007,0.507
19/10/2007,0.317
20/10/2007,0.482
21/10/2007,0.645
22/10/2007,0.397
23/10/2007,0.298
24/10/2007,0.186
25/10/2007,0.701
26/10/2007,1.746
27/10/2007,1.107
28/10/2007,23.734
29/10/2007,12.629
30/10/2007,13.722
31/10/2007,12.355
1/11/2007,8.204
2/11/2007,7.953
3/11/2007,5.857
4/11/2007,22.136
5/11/2007,12.233
6/11/2007,42.43
7/11/2007,33.054
8/11/2007,35.012
9/11/2007,27.435
10/11/2007,24.678
11/11/2007,23.516
12/11/2007,30.989
13/11/2007,30.203
14/11/2007,20.193
15/11/2007,11.888
16/11/2007,7.794
17/11/2007,5.109
18/11/2007,3.138
19/11/2007,2.163
20/11/2007,1.475
21/11/2007,0.863
22/11/2007,0.599
23/11/2007,303.517
24/11/2007,263.389
25/11/2007,298.278
26/11/2007,260.528
27/11/2007,139.834
28/11/2007,66.39
29/11/2007,37.862
30/11/2007,29.024
1/12/2007,53.715
2/12/2007,224.647
3/12/2007,590.849
4/12/2007,1036.664
5/12/2007,1538.028
6/12/2007,658.73
7/12/2007,406.668
8/12/2007,230.086
9/12/2007,148.434
10/12/2007,122.138
11/12/2007,515.272
12/12/2007,1108.723
13/12/2007,426.526
14/12/2007,237.786
15/12/2007,140.397
16/12/2007,90.974
17/12/2007,227.308
18/12/2007,1014.723
19/12/2007,413.175
20/12/2007,207.135
21/12/2007,126.062
22/12/2007,87.089
23/12/2007,1460.964
24/12/2007,1967.047
25/12/2007,679.14
26/12/2007,346.605
27/12/2007,216.654
28/12/2007,162.365
29/12/2007,244.11
30/12/2007,168.717
31/12/2007,107.335
1/01/2008,73.936
2/01/2008,53.26
3/01/2008,41.394
4/01/2008,33.795
5/01/2008,28.574
6/01/2008,26.202
7/01/2008,26.976
8/01/2008,27.756
9/01/2008,30.211
10/01/2008,23.994
11/01/2008,17.865
12/01/2008,14.959
13/01/2008,12.392
14/01/2008,10.202
15/01/2008,8.164
16/01/2008,6.752
17/01/2008,13.727
18/01/2008,25.762
19/01/2008,33.86
20/01/2008,41.741
21/01/2008,41.67
22/01/2008,39.926
23/01/2008,38.371
24/01/2008,31.167
25/01/2008,22.874
26/01/2008,18.789
27/01/2008,25.33
28/01/2008,27.731
29/01/2008,16.416
30/01/2008,12.142
31/01/2008,10.267
1/02/2008,8.774
2/02/2008,30.941
3/02/2008,249.081
4/02/2008,259.38
5/02/2008,545.049
6/02/2008,2229.536
7/02/2008,1840.123
8/02/2008,1447.835
9/02/2008,728.864
10/02/2008,376.267
11/02/2008,227.046
12/02/2008,161.998
13/02/2008,633.664
14/02/2008,915.348
15/02/2008,463.089
16/02/2008,275.584
17/02/2008,185.135
18/02/2008,136.048
19/02/2008,108.7
20/02/2008,87.277
21/02/2008,72.368
22/02/2008,59.642
23/02/2008,49.412
24/02/2008,40.362
25/02/2008,33.148
26/02/2008,28.068
27/02/2008,24.112
28/02/2008,21.947
29/02/2008,29.365
1/03/2008,50.966
2/03/2008,59.079
3/03/2008,45.967
4/03/2008,33.957
5/03/2008,25.936
6/03/2008,20.688
7/03/2008,17.364
8/03/2008,14.123
9/03/2008,12.456
10/03/2008,10.823
11/03/2008,9.896
12/03/2008,8.667
13/03/2008,7.494
14/03/2008,6.822
15/03/2008,6.207
16/03/2008,5.2
17/03/2008,4.849
18/03/2008,4.46
19/03/2008,4.116
20/03/2008,3.724
21/03/2008,3.413
22/03/2008,3.457
23/03/2008,3.379
24/03/2008,3.671
25/03/2008,3.401
26/03/2008,4.642
27/03/2008,4.377
28/03/2008,3.99
29/03/2008,3.672
30/03/2008,3.363
31/03/2008,3.253
1/04/2008,2.984
2/04/2008,2.779
3/04/2008,2.662
4/04/2008,2.57
5/04/2008,2.257
6/04/2008,1.906
7/04/2008,1.644
8/04/2008,1.372
9/04/2008,1.185
10/04/2008,1.022
11/04/2008,0.83
12/04/2008,0.768
13/04/2008,0.722
14/04/2008,0.708
15/04/2008,0.658
16/04/2008,0.61
17/04/2008,0.47
18/04/2008,0.453
19/04/2008,0.5
20/04/2008,0.663
21/04/2008,0.813
22/04/2008,0.836
23/04/2008,0.733
24/04/2008,0.807
25/04/2008,1.142
26/04/2008,2.608
27/04/2008,3.17
28/04/2008,3.273
29/04/2008,3.021
30/04/2008,6.973
1/05/2008,6.152
2/05/2008,4.855
3/05/2008,3.88
4/05/2008,3.188
5/05/2008,2.695
6/05/2008,2.272
7/05/2008,1.959
8/05/2008,1.694
9/05/2008,1.43
10/05/2008,1.257
11/05/2008,1.158
12/05/2008,1.026
13/05/2008,0.901
14/05/2008,0.822
15/05/2008,0.78
16/05/2008,0.781
17/05/2008,1.037
18/05/2008,1.794
19/05/2008,1.55
20/05/2008,1.421
21/05/2008,2.628
22/05/2008,4.514
23/05/2008,4.853
24/05/2008,4.874
25/05/2008,4.179
26/05/2008,3.52
27/05/2008,2.975
28/05/2008,2.519
29/05/2008,2.156
30/05/2008,1.858
31/05/2008,1.674
1/06/2008,1.581
2/06/2008,1.436
3/06/2008,1.724
4/06/2008,14.2
5/06/2008,14.686
6/06/2008,22.64
7/06/2008,37.138
8/06/2008,19.512
9/06/2008,12.451
10/06/2008,9.572
11/06/2008,7.734
12/06/2008,6.704
13/06/2008,8.072
14/06/2008,13.717
15/06/2008,15.362
16/06/2008,29.416
17/06/2008,21.292
18/06/2008,18.861
19/06/2008,15.5
20/06/2008,21.205
21/06/2008,18.69
22/06/2008,14.554
23/06/2008,13.906
24/06/2008,16.812
25/06/2008,15.157
26/06/2008,12.824
27/06/2008,11.098
28/06/2008,10.064
29/06/2008,9.747
30/06/2008,9.136
1/07/2008,8.488
2/07/2008,7.95
3/07/2008,7.333
4/07/2008,6.857
5/07/2008,6.447
6/07/2008,5.907
7/07/2008,5.613
8/07/2008,5.774
9/07/2008,7.317
10/07/2008,8.748
11/07/2008,10.761
12/07/2008,24.86
13/07/2008,21.255
14/07/2008,17.721
15/07/2008,15.056
16/07/2008,15.652
17/07/2008,41.311
18/07/2008,40.511
19/07/2008,29.88
20/07/2008,21.381
21/07/2008,17.588
22/07/2008,15.666
23/07/2008,13.547
24/07/2008,13.272
25/07/2008,18.113
26/07/2008,15.013
27/07/2008,12.984
28/07/2008,13.344
29/07/2008,14.528
30/07/2008,15.004
31/07/2008,21.383
1/08/2008,26.256
2/08/2008,25.14
3/08/2008,36.089
4/08/2008,98.179
5/08/2008,85.431
6/08/2008,57.559
7/08/2008,44.293
8/08/2008,35.781
9/08/2008,30.878
10/08/2008,27.559
11/08/2008,25.363
12/08/2008,24.211
13/08/2008,22.859
14/08/2008,20.824
15/08/2008,19.168
16/08/2008,17.953
17/08/2008,16.758
18/08/2008,15.49
19/08/2008,14.341
20/08/2008,13.541
21/08/2008,12.805
22/08/2008,13.773
23/08/2008,21.193
24/08/2008,49.774
25/08/2008,135.436
26/08/2008,112.142
27/08/2008,74
28/08/2008,51.134
29/08/2008,38.643
30/08/2008,31.83
31/08/2008,27.543
1/09/2008,195.194
2/09/2008,1185.642
3/09/2008,423.305
4/09/2008,231.709
5/09/2008,154.834
6/09/2008,121.385
7/09/2008,104.684
8/09/2008,96.612
9/09/2008,84.916
10/09/2008,67.778
11/09/2008,53.416
12/09/2008,44.133
13/09/2008,37.693
14/09/2008,32.31
15/09/2008,32.442
16/09/2008,31.091
17/09/2008,31.737
18/09/2008,33.288
19/09/2008,26.14
20/09/2008,22.055
21/09/2008,19.484
22/09/2008,17.429
23/09/2008,21.149
24/09/2008,27.844
25/09/2008,38.431
26/09/2008,59.576
27/09/2008,41.996
28/09/2008,30.595
29/09/2008,24.316
30/09/2008,19.489
1/10/2008,16.261
2/10/2008,13.812
3/10/2008,12.059
4/10/2008,10.341
5/10/2008,10.196
6/10/2008,12.053
7/10/2008,47.611
8/10/2008,264.348
9/10/2008,171.943
10/10/2008,97.688
11/10/2008,65.192
12/10/2008,48.767
13/10/2008,44.87
14/10/2008,39.673
15/10/2008,143.654
16/10/2008,584.025
17/10/2008,271.683
18/10/2008,154.122
19/10/2008,103.469
20/10/2008,73.559
21/10/2008,53.43
22/10/2008,41.036
23/10/2008,34.398
24/10/2008,58.412
25/10/2008,70.57
26/10/2008,51.241
27/10/2008,34.953
28/10/2008,26.236
29/10/2008,20.296
30/10/2008,15.604
31/10/2008,13
1/11/2008,10.928
2/11/2008,10.912
3/11/2008,11.719
4/11/2008,18.37
5/11/2008,16.639
6/11/2008,48.434
7/11/2008,34.419
8/11/2008,21.821
9/11/2008,20.344
10/11/2008,16.1
11/11/2008,12.111
12/11/2008,9.743
13/11/2008,8.142
14/11/2008,6.735
15/11/2008,5.197
16/11/2008,4.72
17/11/2008,4.784
18/11/2008,6.4
19/11/2008,9.505
20/11/2008,15.527
21/11/2008,153.285
22/11/2008,147.569
23/11/2008,104.063
24/11/2008,111.48
25/11/2008,110.349
26/11/2008,138.929
27/11/2008,83.51
28/11/2008,52.2
29/11/2008,15401.023
30/11/2008,6617.914
1/12/2008,1619.749
2/12/2008,688.312
3/12/2008,386.639
4/12/2008,259.112
5/12/2008,186.052
6/12/2008,148.051
7/12/2008,125.329
8/12/2008,113.707
9/12/2008,109.429
10/12/2008,95.746
11/12/2008,83.942
12/12/2008,79.805
13/12/2008,111.046
14/12/2008,3783.933
15/12/2008,1466.658
16/12/2008,606.47
17/12/2008,340.675
18/12/2008,220.117
19/12/2008,165.27
20/12/2008,145.903
21/12/2008,123.675
22/12/2008,97.234
23/12/2008,79.837
24/12/2008,71.144
25/12/2008,72.148
26/12/2008,81.322
27/12/2008,72.07
28/12/2008,55.819
29/12/2008,57.554
30/12/2008,83.713
31/12/2008,159.938
1/01/2009,99.019
2/01/2009,64.266
3/01/2009,45.584
4/01/2009,37.181
5/01/2009,33.098
6/01/2009,30.085
7/01/2009,26.993
8/01/2009,24.022
9/01/2009,21.744
10/01/2009,19.442
11/01/2009,18.003
12/01/2009,17.965
13/01/2009,16.365
14/01/2009,14.61
15/01/2009,13.119
16/01/2009,11.781
17/01/2009,9.9
18/01/2009,8.614
19/01/2009,7.668
20/01/2009,7.198
21/01/2009,6.574
22/01/2009,6.548
23/01/2009,9.17
24/01/2009,9.677
25/01/2009,9.172
26/01/2009,14.065
27/01/2009,13.571
28/01/2009,14.058
29/01/2009,12.02
30/01/2009,7.317
31/01/2009,5.426
1/02/2009,4.415
2/02/2009,3.601
3/02/2009,2.743
4/02/2009,2.111
5/02/2009,1.623
6/02/2009,1.286
7/02/2009,0.87
8/02/2009,0.518
9/02/2009,0.281
10/02/2009,0.187
11/02/2009,0.446
12/02/2009,0.225
13/02/2009,0.27
14/02/2009,0.55
15/02/2009,7.274
16/02/2009,12.233
17/02/2009,14.204
18/02/2009,40.267
19/02/2009,47.744
20/02/2009,45.894
21/02/2009,43.492
22/02/2009,30.729
23/02/2009,21.163
24/02/2009,22.244
25/02/2009,18.895
26/02/2009,12.612
27/02/2009,12.649
28/02/2009,12.904
1/03/2009,8.614
2/03/2009,6.145
3/03/2009,5.057
4/03/2009,4.426
5/03/2009,3.922
6/03/2009,3.276
7/03/2009,2.686
8/03/2009,2.118
9/03/2009,1.538
10/03/2009,1.153
11/03/2009,0.853
12/03/2009,0.607
13/03/2009,0.467
14/03/2009,0.353
15/03/2009,0.736
16/03/2009,5.066
17/03/2009,7.7
18/03/2009,16.012
19/03/2009,14.01
20/03/2009,9.876
21/03/2009,7.064
22/03/2009,5.279
23/03/2009,4.153
24/03/2009,3.342
25/03/2009,2.727
26/03/2009,2.111
27/03/2009,1.447
28/03/2009,1.039
29/03/2009,0.68
30/03/2009,0.405
31/03/2009,0.28
1/04/2009,0.25
2/04/2009,0.404
3/04/2009,0.256
4/04/2009,0.181
5/04/2009,0.361
6/04/2009,0.166
10/04/2009,3.396
11/04/2009,2.905
12/04/2009,2.752
13/04/2009,3.414
14/04/2009,11.646
15/04/2009,11.39
16/04/2009,23.037
17/04/2009,28.023
18/04/2009,18.088
19/04/2009,12.389
20/04/2009,8.736
21/04/2009,6.715
22/04/2009,5.43
23/04/2009,4.582
24/04/2009,4.005
25/04/2009,3.663
26/04/2009,3.47
27/04/2009,3.256
28/04/2009,3.154
29/04/2009,3.605
30/04/2009,3.714
1/05/2009,3.442
2/05/2009,3.342
3/05/2009,2.993
4/05/2009,2.672
5/05/2009,2.541
6/05/2009,2.238
7/05/2009,1.932
8/05/2009,1.78
9/05/2009,1.587
10/05/2009,1.407
11/05/2009,1.299
12/05/2009,1.254
13/05/2009,1.077
14/05/2009,0.936
15/05/2009,0.856
16/05/2009,0.783
17/05/2009,0.697
18/05/2009,0.653
19/05/2009,0.591
20/05/2009,0.574
21/05/2009,0.628
22/05/2009,0.618
23/05/2009,0.552
24/05/2009,0.415
25/05/2009,0.381
26/05/2009,9.274
27/05/2009,23.816
28/05/2009,16.799
29/05/2009,11.855
30/05/2009,8.827
31/05/2009,6.899
1/06/2009,5.77
2/06/2009,5.336
3/06/2009,8.881
4/06/2009,9.203
5/06/2009,8.354
6/06/2009,6.963
7/06/2009,6.346
8/06/2009,7.096
9/06/2009,8.951
10/06/2009,10.577
11/06/2009,8.712
12/06/2009,11.228
13/06/2009,11.218
14/06/2009,12.121
15/06/2009,12.37
16/06/2009,9.585
17/06/2009,7.684
18/06/2009,6.773
19/06/2009,6.237
20/06/2009,5.74
21/06/2009,5.231
22/06/2009,5.865
23/06/2009,7.738
24/06/2009,7.945
25/06/2009,24.987
26/06/2009,24.798
27/06/2009,16.917
28/06/2009,14.312
29/06/2009,14.758
30/06/2009,11.246
1/07/2009,9.37
2/07/2009,8.542
3/07/2009,9.664
4/07/2009,9.766
5/07/2009,8.172
6/07/2009,7.17
7/07/2009,6.697
8/07/2009,11.218
9/07/2009,10.134
10/07/2009,8.123
11/07/2009,6.941
12/07/2009,6.244
13/07/2009,5.799
14/07/2009,6.054
15/07/2009,7.105
16/07/2009,11.758
17/07/2009,36.8
18/07/2009,50.154
19/07/2009,43.84
20/07/2009,31.494
21/07/2009,24.06
22/07/2009,18.572
23/07/2009,16.663
24/07/2009,24.655
25/07/2009,107.171
26/07/2009,49.009
27/07/2009,32.363
28/07/2009,26.48
29/07/2009,22.079
30/07/2009,36.992
31/07/2009,26.323
1/08/2009,20.349
2/08/2009,19.806
3/08/2009,19.838
4/08/2009,18.215
5/08/2009,17.113
6/08/2009,15.564
7/08/2009,14.206
8/08/2009,12.95
9/08/2009,11.945
10/08/2009,11.028
11/08/2009,10.248
12/08/2009,11.67
13/08/2009,17.277
14/08/2009,14.494
15/08/2009,14.584
16/08/2009,18.964
17/08/2009,14.534
18/08/2009,10.841
19/08/2009,8.829
20/08/2009,7.807
21/08/2009,6.883
22/08/2009,6.216
23/08/2009,6.042
24/08/2009,5.916
25/08/2009,6.187
26/08/2009,6.115
27/08/2009,6.043
28/08/2009,6.629
29/08/2009,6.232
30/08/2009,6.463
31/08/2009,7.03
1/09/2009,6.437
2/09/2009,32.071
3/09/2009,22.749
4/09/2009,14.931
5/09/2009,17.738
6/09/2009,16.094
7/09/2009,54.362
8/09/2009,52.154
9/09/2009,353.182
10/09/2009,173.748
11/09/2009,117.743
12/09/2009,79.051
13/09/2009,53.078
14/09/2009,40.479
15/09/2009,32.864
16/09/2009,28.211
17/09/2009,24.262
18/09/2009,20.34
19/09/2009,17.454
20/09/2009,15.094
21/09/2009,12.983
22/09/2009,11.785
23/09/2009,15.313
24/09/2009,79.159
25/09/2009,158.66
26/09/2009,100.002
27/09/2009,62.362
28/09/2009,42.928
29/09/2009,33.267
30/09/2009,27.961
1/10/2009,23.645
2/10/2009,20.102
3/10/2009,17.791
4/10/2009,16.164
5/10/2009,14.59
6/10/2009,13.352
7/10/2009,14.187
8/10/2009,13.062
9/10/2009,12.714
10/10/2009,10.336
11/10/2009,8.567
12/10/2009,9.324
13/10/2009,8.679
14/10/2009,8.217
15/10/2009,7.462
16/10/2009,7.096
17/10/2009,7.038
18/10/2009,6.326
19/10/2009,5.495
20/10/2009,4.947
21/10/2009,4.405
22/10/2009,3.833
23/10/2009,3.328
24/10/2009,2.945
25/10/2009,2.385
26/10/2009,1.797
27/10/2009,3.254
28/10/2009,3.822
29/10/2009,3.505
30/10/2009,3.608
31/10/2009,5.185
1/11/2009,9.188
2/11/2009,6.583
3/11/2009,5.748
4/11/2009,4.631
5/11/2009,3.287
6/11/2009,3.619
7/11/2009,5.108
8/11/2009,5.627
9/11/2009,4.23
10/11/2009,3.796
11/11/2009,2.88
12/11/2009,2.079
13/11/2009,1.612
14/11/2009,4.75
15/11/2009,4.413
16/11/2009,3.112
17/11/2009,2.145
18/11/2009,1.145
19/11/2009,0.548
20/11/2009,0.289
21/11/2009,0.211
22/11/2009,0.107
23/11/2009,0.055
24/11/2009,0.048
25/11/2009,0.061
26/11/2009,0.037
27/11/2009,0.021
28/11/2009,0.01
29/11/2009,0.001
30/11/2009,0
1/12/2009,0
2/12/2009,0
3/12/2009,0
4/12/2009,0
5/12/2009,0
6/12/2009,0
7/12/2009,0
8/12/2009,0
9/12/2009,0
10/12/2009,0
11/12/2009,0
12/12/2009,0
13/12/2009,0
14/12/2009,0
15/12/2009,0
16/12/2009,0
17/12/2009,0
18/12/2009,0
19/12/2009,0
20/12/2009,0
21/12/2009,0
22/12/2009,0
23/12/2009,0
24/12/2009,0
25/12/2009,0
26/12/2009,0
27/12/2009,0
28/12/2009,2.074
29/12/2009,323.577
30/12/2009,290.814
31/12/2009,146.573
1/01/2010,95.711
2/01/2010,73.994
3/01/2010,340.187
4/01/2010,1060.493
5/01/2010,790.145
6/01/2010,325.997
7/01/2010,175.752
8/01/2010,340.075
9/01/2010,242.361
10/01/2010,139.485
11/01/2010,92.603
12/01/2010,62.106
13/01/2010,44.697
14/01/2010,37.004
15/01/2010,366.328
16/01/2010,559.228
17/01/2010,455.809
18/01/2010,350.733
19/01/2010,211.932
20/01/2010,136.773
21/01/2010,86.652
22/01/2010,55.354
23/01/2010,39.093
24/01/2010,30.388
25/01/2010,22.632
26/01/2010,16.211
27/01/2010,11.198
28/01/2010,8.998
29/01/2010,8.725
30/01/2010,27.64
31/01/2010,67.117
1/02/2010,45.876
2/02/2010,34.137
3/02/2010,25.023
4/02/2010,17.374
5/02/2010,12.458
6/02/2010,9.87
7/02/2010,22.513
8/02/2010,24.862
9/02/2010,10.499
10/02/2010,6.511
11/02/2010,4.718
12/02/2010,3.925
13/02/2010,3.114
14/02/2010,2.597
15/02/2010,2.839
16/02/2010,11.86
17/02/2010,60.24
18/02/2010,64.459
19/02/2010,39.698
20/02/2010,31.94
21/02/2010,22.51
22/02/2010,15.552
23/02/2010,10.606
24/02/2010,8.054
25/02/2010,6.527
26/02/2010,10.688
27/02/2010,10.533
28/02/2010,8.057
1/03/2010,7.769
2/03/2010,6.7
3/03/2010,5.445
4/03/2010,4.314
5/03/2010,3.26
6/03/2010,3.545
7/03/2010,3.707
8/03/2010,2.991
9/03/2010,2.314
10/03/2010,1.779
11/03/2010,2.544
12/03/2010,3.39
13/03/2010,5.339
14/03/2010,4.403
15/03/2010,3.595
16/03/2010,2.739
17/03/2010,1.701
18/03/2010,1.065
19/03/2010,0.628
20/03/2010,0.298
21/03/2010,0.235
22/03/2010,0.167
23/03/2010,0.142
24/03/2010,0.132
25/03/2010,0.067
26/03/2010,0.053
27/03/2010,0.039
28/03/2010,0.028
29/03/2010,0.014
30/03/2010,0.003
31/03/2010,0.413
1/04/2010,0.252
2/04/2010,0.087
3/04/2010,0.045
4/04/2010,0.028
5/04/2010,0.018
6/04/2010,0.003
7/04/2010,0.023
8/04/2010,0.047
9/04/2010,0.1
10/04/2010,0.071
11/04/2010,0.043
12/04/2010,0.022
13/04/2010,0.013
14/04/2010,0.002
15/04/2010,0
16/04/2010,0
17/04/2010,0
18/04/2010,0
19/04/2010,0
20/04/2010,0
21/04/2010,0
22/04/2010,0
23/04/2010,0
24/04/2010,0
25/04/2010,0
26/04/2010,0
27/04/2010,0
28/04/2010,0
29/04/2010,0
30/04/2010,0
1/05/2010,0
2/05/2010,0
3/05/2010,0
4/05/2010,0
5/05/2010,0
6/05/2010,0
7/05/2010,0
8/05/2010,0
9/05/2010,0
10/05/2010,0
11/05/2010,0
12/05/2010,0
13/05/2010,0
14/05/2010,0
15/05/2010,0
16/05/2010,0
17/05/2010,0
18/05/2010,0
19/05/2010,0
20/05/2010,0
21/05/2010,0
22/05/2010,0
23/05/2010,0
24/05/2010,0
25/05/2010,0
26/05/2010,0
27/05/2010,0.008
28/05/2010,0.016
29/05/2010,0.014
30/05/2010,26.024
31/05/2010,122.757
1/06/2010,130.564
2/06/2010,164.373
3/06/2010,120.865
4/06/2010,95.497
5/06/2010,68.53
6/06/2010,59.092
7/06/2010,58.82
8/06/2010,54.887
9/06/2010,41.439
10/06/2010,33.75
11/06/2010,28.818
12/06/2010,24.942
13/06/2010,21.532
14/06/2010,18.722
15/06/2010,16.768
16/06/2010,15.296
17/06/2010,13.756
18/06/2010,16.436
19/06/2010,17.452
20/06/2010,21.916
21/06/2010,40.543
22/06/2010,36.641
23/06/2010,29.614
24/06/2010,24.185
25/06/2010,19.979
26/06/2010,16.81
27/06/2010,20.998
28/06/2010,21.254
29/06/2010,48.346
30/06/2010,54.617
1/07/2010,45.421
2/07/2010,36.236
3/07/2010,32.281
4/07/2010,30.237
5/07/2010,28.394
6/07/2010,36.955
7/07/2010,44.077
8/07/2010,42.209
9/07/2010,69.163
10/07/2010,63.725
11/07/2010,48.255
12/07/2010,40.12
13/07/2010,36.399
14/07/2010,50.404
15/07/2010,1313.653
16/07/2010,650.572
17/07/2010,321.903
18/07/2010,197.865
19/07/2010,141.651
20/07/2010,116.767
21/07/2010,106.997
22/07/2010,110.514
23/07/2010,97.46
24/07/2010,79.582
25/07/2010,66.922
26/07/2010,56.216
27/07/2010,48.846
28/07/2010,45.502
29/07/2010,59.114
30/07/2010,219.318
31/07/2010,659.494
1/08/2010,6497.18
2/08/2010,1735.086
3/08/2010,1012.05
4/08/2010,1003.643
5/08/2010,765.318
6/08/2010,518.919
7/08/2010,372.842
8/08/2010,279.678
9/08/2010,224.354
10/08/2010,184.731
11/08/2010,210.395
12/08/2010,627.075
13/08/2010,2527.13
14/08/2010,2593.519
15/08/2010,1225.211
16/08/2010,773.818
17/08/2010,543.18
18/08/2010,405.202
19/08/2010,326.834
20/08/2010,2062.459
21/08/2010,2408.133
22/08/2010,1383.878
23/08/2010,876.355
24/08/2010,1983.336
25/08/2010,3119.371
26/08/2010,1878.959
27/08/2010,1432.266
28/08/2010,1748.59
29/08/2010,1173.063
30/08/2010,830.603
31/08/2010,615.099
1/09/2010,478.303
2/09/2010,379.713
3/09/2010,316.062
4/09/2010,273.819
5/09/2010,294.691
6/09/2010,546.393
7/09/2010,340.87
8/09/2010,253.856
9/09/2010,219.219
10/09/2010,242.973
11/09/2010,1043.46
12/09/2010,769.592
13/09/2010,524.259
14/09/2010,393.284
15/09/2010,400.524
16/09/2010,813.029
17/09/2010,561.193
18/09/2010,410.592
19/09/2010,320.66
20/09/2010,268.711
21/09/2010,240.666
22/09/2010,215.115
23/09/2010,190.337
24/09/2010,174.252
25/09/2010,156.062
26/09/2010,141.1
27/09/2010,128.621
28/09/2010,122.02
29/09/2010,117.835
30/09/2010,110.899
1/10/2010,102.435
2/10/2010,95.828
3/10/2010,91.421
4/10/2010,99.627
5/10/2010,133.913
6/10/2010,213.744
7/10/2010,137.327
8/10/2010,108.33
9/10/2010,97.918
10/10/2010,93.849
11/10/2010,85.707
12/10/2010,78.246
13/10/2010,73.773
14/10/2010,72.261
15/10/2010,71.502
16/10/2010,90.228
17/10/2010,1000.785
18/10/2010,534.219
19/10/2010,284.203
20/10/2010,195.163
21/10/2010,150.631
22/10/2010,134.581
23/10/2010,153.925
24/10/2010,202.535
25/10/2010,239.186
26/10/2010,556.479
27/10/2010,432.449
28/10/2010,251.291
29/10/2010,180.155
30/10/2010,143.855
31/10/2010,123.791
1/11/2010,111.058
2/11/2010,141.264
3/11/2010,419.669
4/11/2010,221.443
5/11/2010,148.466
6/11/2010,124.009
7/11/2010,118.673
8/11/2010,111.092
9/11/2010,101.815
10/11/2010,94.647
11/11/2010,353.962
12/11/2010,2683.042
13/11/2010,1269.02
14/11/2010,637.565
15/11/2010,398.127
16/11/2010,307.955
17/11/2010,524.964
18/11/2010,2796.636
19/11/2010,1411.335
20/11/2010,923.773
21/11/2010,575.271
22/11/2010,394.258
23/11/2010,287.42
24/11/2010,229.964
25/11/2010,191.941
26/11/2010,162.406
27/11/2010,142.926
28/11/2010,126.666
29/11/2010,116.251
30/11/2010,111.947
1/12/2010,165.934
2/12/2010,2324.686
3/12/2010,2537.263
4/12/2010,1566.626
5/12/2010,1181.429
6/12/2010,976.812
7/12/2010,767.205
8/12/2010,510.994
9/12/2010,475.68
10/12/2010,966.497
11/12/2010,13682.327
12/12/2010,3885.359
13/12/2010,1645.796
14/12/2010,943.908
15/12/2010,1962.214
16/12/2010,1267.468
17/12/2010,973.382
18/12/2010,1089.023
19/12/2010,720.384
20/12/2010,541.093
21/12/2010,465.937
22/12/2010,346.317
23/12/2010,254.029
24/12/2010,215.607
25/12/2010,198.219
26/12/2010,386.194
27/12/2010,569.171
28/12/2010,1241.367
29/12/2010,667.268
30/12/2010,385.693
31/12/2010,261.334
1/01/2011,200.975
2/01/2011,162.078
3/01/2011,137.224
4/01/2011,593.786
5/01/2011,270.996
6/01/2011,1160.909
7/01/2011,1013.383
8/01/2011,496.886
9/01/2011,300.711
10/01/2011,211.855
11/01/2011,174.403
12/01/2011,238.535
13/01/2011,238.158
14/01/2011,172.66
15/01/2011,135.16
16/01/2011,115.456
17/01/2011,101.509
18/01/2011,89.415
19/01/2011,77.969
20/01/2011,69.535
21/01/2011,73.743
22/01/2011,66.633
23/01/2011,59.86
24/01/2011,53.096
25/01/2011,48.5
26/01/2011,45.19
27/01/2011,41.876
28/01/2011,151.893
29/01/2011,64.333
30/01/2011,43.195
31/01/2011,35.294
1/02/2011,30.174
2/02/2011,26.93
3/02/2011,23.202
4/02/2011,20.986
5/02/2011,18.086
6/02/2011,15.368
7/02/2011,14.653
8/02/2011,17.608
9/02/2011,36.008
10/02/2011,48.495
11/02/2011,34.106
12/02/2011,24.972
13/02/2011,18.457
14/02/2011,16.615
15/02/2011,16.266
16/02/2011,18.199
17/02/2011,22.456
18/02/2011,32.385
19/02/2011,38.826
20/02/2011,52.633
21/02/2011,42.241
22/02/2011,30.525
23/02/2011,23.241
24/02/2011,18.796
25/02/2011,21.017
26/02/2011,14.909
27/02/2011,12.757
28/02/2011,11.151
1/03/2011,8.557
2/03/2011,9.621
3/03/2011,15.149
4/03/2011,188.136
5/03/2011,339.829
6/03/2011,119.095
7/03/2011,67.883
8/03/2011,49.669
9/03/2011,39.906
10/03/2011,33.785
11/03/2011,30.804
12/03/2011,30.082
13/03/2011,40.131
14/03/2011,97.935
15/03/2011,77.783
16/03/2011,59.762
17/03/2011,51.755
18/03/2011,83.676
19/03/2011,245.868
20/03/2011,120.77
21/03/2011,73.882
22/03/2011,57.272
23/03/2011,49.473
24/03/2011,45.807
25/03/2011,42.543
26/03/2011,37.889
27/03/2011,32.333
28/03/2011,27.574
29/03/2011,24.015
30/03/2011,21.194
31/03/2011,19.205
1/04/2011,17.392
2/04/2011,15.762
3/04/2011,15.907
4/04/2011,13.895
5/04/2011,12.178
6/04/2011,10.954
7/04/2011,9.495
8/04/2011,8.532
9/04/2011,7.677
10/04/2011,7.395
11/04/2011,10.71
12/04/2011,24.03
13/04/2011,37.808
14/04/2011,46.473
15/04/2011,38.99
16/04/2011,33.129
17/04/2011,35.751
18/04/2011,32.357
19/04/2011,37.412
20/04/2011,35.041
21/04/2011,29.283
22/04/2011,27.673
23/04/2011,23.927
24/04/2011,20.573
25/04/2011,18.875
26/04/2011,17.128
27/04/2011,15.097
28/04/2011,13.344
29/04/2011,12.329
30/04/2011,11.664
1/05/2011,10.912
2/05/2011,11.682
3/05/2011,12.683
4/05/2011,13.251
5/05/2011,13.154
6/05/2011,12.04
7/05/2011,10.199
8/05/2011,8.801
9/05/2011,7.909
10/05/2011,7.533
11/05/2011,8.387
12/05/2011,9.125
13/05/2011,9.506
14/05/2011,10.895
15/05/2011,11.162
16/05/2011,11.249
17/05/2011,9.363
18/05/2011,9.32
19/05/2011,7.742
20/05/2011,6.683
21/05/2011,6.005
22/05/2011,5.576
23/05/2011,7.806
24/05/2011,23.15
25/05/2011,32.14
26/05/2011,72.102
27/05/2011,82.335
28/05/2011,64.52
29/05/2011,50.812
30/05/2011,42.472
31/05/2011,61.771
1/06/2011,588.437
2/06/2011,296.19
3/06/2011,160.962
4/06/2011,136.554
5/06/2011,95.943
6/06/2011,74.053
7/06/2011,62.144
8/06/2011,54.874
9/06/2011,50.003
10/06/2011,45.393
11/06/2011,41.805
12/06/2011,39.399
13/06/2011,38.352
14/06/2011,37.469
15/06/2011,68.52
16/06/2011,1656.006
17/06/2011,650.297
18/06/2011,320.263
19/06/2011,200.904
20/06/2011,145.518
21/06/2011,115.484
22/06/2011,102.195
23/06/2011,113.864
24/06/2011,122.516
25/06/2011,101.016
26/06/2011,84.367
27/06/2011,74.859
28/06/2011,68.738
29/06/2011,64.417
30/06/2011,60.63
1/07/2011,57.789
2/07/2011,57.433
3/07/2011,55.777
4/07/2011,54.089
5/07/2011,52.123
6/07/2011,49.523
7/07/2011,47.223
8/07/2011,44.74
9/07/2011,42.477
10/07/2011,41.418
11/07/2011,40.768
12/07/2011,40.038
13/07/2011,39.314
14/07/2011,38.97
15/07/2011,38.338
16/07/2011,37.78
17/07/2011,37.369
18/07/2011,36.313
19/07/2011,36.164
20/07/2011,38.642
21/07/2011,44.951
22/07/2011,57.493
23/07/2011,60.428
24/07/2011,53.092
25/07/2011,50.609
26/07/2011,48.414
27/07/2011,44.083
28/07/2011,40.695
29/07/2011,38.715
30/07/2011,36.887
31/07/2011,35.434
1/08/2011,34.109
2/08/2011,32.957
3/08/2011,31.838
4/08/2011,30.633
5/08/2011,29.335
6/08/2011,28.246
7/08/2011,27.345
8/08/2011,36.023
9/08/2011,51.244
10/08/2011,79.083
11/08/2011,113.956
12/08/2011,113.489
13/08/2011,83.76
14/08/2011,70.4
15/08/2011,61.895
16/08/2011,54.232
17/08/2011,48.972
18/08/2011,47.641
19/08/2011,90.284
20/08/2011,292.463
21/08/2011,211.567
22/08/2011,157.293
23/08/2011,126.594
24/08/2011,107.208
25/08/2011,91.339
26/08/2011,77.327
27/08/2011,66.152
28/08/2011,62.882
29/08/2011,70.706
30/08/2011,96.437
31/08/2011,80.007
1/09/2011,67.148
2/09/2011,65.993
3/09/2011,60.15
4/09/2011,53.054
5/09/2011,48.049
6/09/2011,44.059
7/09/2011,40.944
8/09/2011,38.349
9/09/2011,40.362
10/09/2011,391.608
11/09/2011,670.319
12/09/2011,305.939
13/09/2011,186.74
14/09/2011,132.021
15/09/2011,100.581
16/09/2011,80.861
17/09/2011,68.177
18/09/2011,60.025
19/09/2011,53.445
20/09/2011,48.021
21/09/2011,42.861
22/09/2011,39.4
23/09/2011,36.333
24/09/2011,33.62
25/09/2011,32.793
26/09/2011,51.438
27/09/2011,43.435
28/09/2011,57.475
29/09/2011,65.533
30/09/2011,3116.908
1/10/2011,1337.415
2/10/2011,735.361
3/10/2011,908.86
4/10/2011,631.662
5/10/2011,418.019
6/10/2011,292.62
7/10/2011,252.039
8/10/2011,269.75
9/10/2011,317.912
10/10/2011,411.699
11/10/2011,286.73
12/10/2011,205.117
13/10/2011,155.119
14/10/2011,127.451
15/10/2011,117.164
16/10/2011,155.233
17/10/2011,189.676
18/10/2011,135.44
19/10/2011,102.051
20/10/2011,84.873
21/10/2011,74.039
22/10/2011,65.398
23/10/2011,57.629
24/10/2011,52.18
25/10/2011,47.929
26/10/2011,60.485
27/10/2011,92.246
28/10/2011,105.992
29/10/2011,85.372
30/10/2011,67.307
31/10/2011,60.6
1/11/2011,66.007
2/11/2011,58.344
3/11/2011,47.275
4/11/2011,39.825
5/11/2011,34.881
6/11/2011,31.167
7/11/2011,92.575
8/11/2011,59.873
9/11/2011,48.327
10/11/2011,35.941
11/11/2011,30.705
12/11/2011,26.128
13/11/2011,22.988
14/11/2011,27.869
15/11/2011,29.726
16/11/2011,34.571
17/11/2011,32.629
18/11/2011,39.593
19/11/2011,77.983
20/11/2011,102.552
21/11/2011,71.117
22/11/2011,48.452
23/11/2011,35.834
24/11/2011,720.023
25/11/2011,1337.451
26/11/2011,3292.641
27/11/2011,11417.77
28/11/2011,2199.196
29/11/2011,952.614
30/11/2011,628.185
1/12/2011,537.899
2/12/2011,414.105
3/12/2011,314.443
4/12/2011,223.12
5/12/2011,172.331
6/12/2011,139.198
7/12/2011,119.916
8/12/2011,119.907
9/12/2011,160.839
10/12/2011,166.105
11/12/2011,149.808
12/12/2011,151.087
13/12/2011,326.439
14/12/2011,562.882
15/12/2011,254.691
16/12/2011,156.606
17/12/2011,116.941
18/12/2011,93.528
19/12/2011,80.455
20/12/2011,78.379
21/12/2011,76.718
22/12/2011,70.02
23/12/2011,88.053
24/12/2011,253.366
25/12/2011,300.303
26/12/2011,186.199
27/12/2011,132.813
28/12/2011,113.554
29/12/2011,85.147
30/12/2011,67.38
31/12/2011,54.547
1/01/2012,44.426
2/01/2012,36.966
3/01/2012,31.07
4/01/2012,26.321
5/01/2012,23.337
6/01/2012,160.239
7/01/2012,212.563
8/01/2012,143.611
9/01/2012,83.62
10/01/2012,120.645
11/01/2012,74.357
12/01/2012,54.57
13/01/2012,38.309
14/01/2012,29.152
15/01/2012,84.483
16/01/2012,183.142
17/01/2012,109.961
18/01/2012,71.758
19/01/2012,54.008
20/01/2012,40.607
21/01/2012,30.938
22/01/2012,25.838
23/01/2012,27.835
24/01/2012,28.718
25/01/2012,31.613
26/01/2012,43.407
27/01/2012,59.645
28/01/2012,60.517
29/01/2012,54.491
30/01/2012,49.221
31/01/2012,46.408
1/02/2012,75.5
2/02/2012,3161.565
3/02/2012,6350.462
4/02/2012,2617.705
5/02/2012,1476.402
6/02/2012,780.44
7/02/2012,486.885
8/02/2012,406.064
9/02/2012,486.574
10/02/2012,503.832
11/02/2012,405.443
12/02/2012,300.511
13/02/2012,263.885
14/02/2012,199.999
15/02/2012,143.738
16/02/2012,117.005
17/02/2012,112.649
18/02/2012,103.05
19/02/2012,89.084
20/02/2012,87.442
21/02/2012,192.447
22/02/2012,277.015
23/02/2012,236.591
24/02/2012,151.14
25/02/2012,113.409
26/02/2012,91.813
27/02/2012,82.424
28/02/2012,77.919
29/02/2012,71.809
1/03/2012,65.832
2/03/2012,60.312
3/03/2012,58.976
4/03/2012,72.99
5/03/2012,168.413
6/03/2012,137.765
7/03/2012,190.809
8/03/2012,179.668
9/03/2012,116.631
10/03/2012,90.488
11/03/2012,76.012
12/03/2012,65.775
13/03/2012,59.069
14/03/2012,53.85
15/03/2012,50.145
16/03/2012,59.923
17/03/2012,55.145
18/03/2012,55.847
19/03/2012,52.515
20/03/2012,48.851
21/03/2012,44.967
22/03/2012,41.254
23/03/2012,40.21
24/03/2012,38.562
25/03/2012,35.368
26/03/2012,32.612
27/03/2012,31.576
28/03/2012,31.2
29/03/2012,31.082
30/03/2012,32.212
31/03/2012,31.63
1/04/2012,30.746
2/04/2012,29.004
3/04/2012,27.312
4/04/2012,26.398
5/04/2012,25.249
6/04/2012,24.291
7/04/2012,23.739
8/04/2012,23.705
9/04/2012,23.628
10/04/2012,23.87
11/04/2012,23.698
12/04/2012,22.882
13/04/2012,23.02
14/04/2012,22.522
15/04/2012,21.975
16/04/2012,23.192
17/04/2012,38.698
18/04/2012,62.031
19/04/2012,63.827
20/04/2012,47.956
21/04/2012,41.637
22/04/2012,36.606
23/04/2012,32.16
24/04/2012,44.598
25/04/2012,63.34
26/04/2012,63.812
27/04/2012,54.121
28/04/2012,44.994
29/04/2012,41.024
30/04/2012,37.734
1/05/2012,34.962
2/05/2012,31.827
3/05/2012,30.017
4/05/2012,32.854
5/05/2012,33.789
6/05/2012,34.769
7/05/2012,35.26
8/05/2012,31.657
9/05/2012,29.628
10/05/2012,27.203
11/05/2012,25.527
12/05/2012,24.434
13/05/2012,23.302
14/05/2012,22.366
15/05/2012,21.505
16/05/2012,20.929
17/05/2012,20.708
18/05/2012,20.436
19/05/2012,20.063
20/05/2012,19.961
21/05/2012,19.803
22/05/2012,19.935
23/05/2012,19.292
24/05/2012,18.945
25/05/2012,18.996
26/05/2012,22.97
27/05/2012,27.86
28/05/2012,31.544
29/05/2012,34.803
30/05/2012,31.819
31/05/2012,28.671
1/06/2012,26.151
2/06/2012,24.597
3/06/2012,24.848
4/06/2012,35.966
5/06/2012,214.844
6/06/2012,449.114
7/06/2012,235.741
8/06/2012,162.803
9/06/2012,110.83
10/06/2012,82.745
11/06/2012,65.946
12/06/2012,56.376
13/06/2012,49.911
14/06/2012,45.407
15/06/2012,43.089
16/06/2012,42.448
17/06/2012,40.21
18/06/2012,40.411
19/06/2012,77.808
20/06/2012,65.352
21/06/2012,53.931
22/06/2012,45.535
23/06/2012,41.247
24/06/2012,39.055
25/06/2012,37.297
26/06/2012,35.884
27/06/2012,34.605
28/06/2012,33.229
29/06/2012,31.78
30/06/2012,31.349
1/07/2012,31.278
2/07/2012,31.019
3/07/2012,29.791
4/07/2012,28.949
5/07/2012,27.91
6/07/2012,28.266
7/07/2012,27.849
8/07/2012,27.378
9/07/2012,27.065
10/07/2012,26.633
11/07/2012,27.131
12/07/2012,41.018
13/07/2012,873
14/07/2012,3268.487
15/07/2012,3101.362
16/07/2012,1361.458
17/07/2012,736.389
18/07/2012,476.214
19/07/2012,348.272
20/07/2012,267.782
21/07/2012,207.056
22/07/2012,165.276
23/07/2012,137.647
24/07/2012,121.836
25/07/2012,111.615
26/07/2012,100.915
27/07/2012,106.766
28/07/2012,227.288
29/07/2012,240.347
30/07/2012,164.505
31/07/2012,131.812
1/08/2012,112.874
2/08/2012,100.054
3/08/2012,90.361
4/08/2012,83.326
5/08/2012,77.117
6/08/2012,71.177
7/08/2012,65.729
8/08/2012,61.435
9/08/2012,57.673
10/08/2012,55.337
11/08/2012,53.997
12/08/2012,52.613
13/08/2012,50.808
14/08/2012,49.073
15/08/2012,47.821
16/08/2012,45.993
17/08/2012,43.978
18/08/2012,42.026
19/08/2012,40.117
20/08/2012,38.937
21/08/2012,37.946
22/08/2012,37.353
23/08/2012,37.306
24/08/2012,40.94
25/08/2012,104.417
26/08/2012,131.34
27/08/2012,79.272
28/08/2012,59.107
29/08/2012,50.684
30/08/2012,45.482
31/08/2012,42.098
1/09/2012,39.575
2/09/2012,37.472
3/09/2012,35.665
4/09/2012,34.22
5/09/2012,32.792
6/09/2012,31.249
7/09/2012,29.828
8/09/2012,28.295
9/09/2012,26.94
10/09/2012,26.174
11/09/2012,25.497
12/09/2012,24.875
13/09/2012,24.041
14/09/2012,24.086
15/09/2012,24.81
16/09/2012,26.33
17/09/2012,30.44
18/09/2012,27.456
19/09/2012,34.606
20/09/2012,31.283
21/09/2012,34.046
22/09/2012,33.512
23/09/2012,28.533
24/09/2012,25.457
25/09/2012,24.161
26/09/2012,22.122
27/09/2012,20.305
28/09/2012,19.456
29/09/2012,18.696
30/09/2012,23.373
1/10/2012,23.716
2/10/2012,29.695
3/10/2012,28.092
4/10/2012,22.626
5/10/2012,20.075
6/10/2012,18.704
7/10/2012,17.202
8/10/2012,15.407
9/10/2012,14.384
10/10/2012,13.448
11/10/2012,12.759
12/10/2012,16.507
13/10/2012,21.47
14/10/2012,29.471
15/10/2012,31.395
16/10/2012,28.138
17/10/2012,25.007
18/10/2012,21.903
19/10/2012,19.045
20/10/2012,16.423
21/10/2012,13.852
22/10/2012,13.561
23/10/2012,12.313
24/10/2012,10.895
25/10/2012,10.117
26/10/2012,9.424
27/10/2012,8.373
28/10/2012,7.848
29/10/2012,7.226
30/10/2012,6.836
31/10/2012,6.736
1/11/2012,6.98
2/11/2012,6.362
3/11/2012,5.203
4/11/2012,4.454
5/11/2012,4.022
6/11/2012,4.545
7/11/2012,3.923
8/11/2012,3.988
9/11/2012,6.342
10/11/2012,6.83
11/11/2012,5.891
12/11/2012,5.781
13/11/2012,6.987
14/11/2012,4.758
15/11/2012,3.889
16/11/2012,3.668
17/11/2012,5.308
18/11/2012,5.395
19/11/2012,5.784
20/11/2012,4.719
21/11/2012,3.726
22/11/2012,2.353
23/11/2012,1.471
24/11/2012,1.038
25/11/2012,2.605
26/11/2012,7.056
27/11/2012,12.35
28/11/2012,12.604
29/11/2012,10.965
30/11/2012,8.42
1/12/2012,7.894
2/12/2012,8.784
3/12/2012,10.208
4/12/2012,14.649
5/12/2012,11.98
6/12/2012,5.851
7/12/2012,15.67
8/12/2012,14.951
9/12/2012,10.061
10/12/2012,7.672
11/12/2012,6.78
12/12/2012,4.882
13/12/2012,3.382
14/12/2012,2.171
15/12/2012,1.498
16/12/2012,1.211
17/12/2012,1.143
18/12/2012,1.016
19/12/2012,0.923
20/12/2012,2.042
21/12/2012,3.42
22/12/2012,2.819
23/12/2012,1.611
24/12/2012,4.224
25/12/2012,6.644
26/12/2012,92.634
27/12/2012,239.188
28/12/2012,105.873
29/12/2012,63.337
30/12/2012,38.974
31/12/2012,26.781
